<?xml version="1.0" encoding="UTF-8" ?>
<Configuration>
    <Properties>
        <property name="LOG_PATTERN">%date{HH:mm:ss.SSS} [%thread] %-5level %logger{36} - %msg%n</property>
    </Properties>

    <Appenders>
        <Console name="Console" target="SYSTEM_OUT">
            <PatternLayout pattern="${LOG_PATTERN}"/>
        </Console>
    </Appenders>

    <Loggers>
        <Root level="info">
            <appender-ref ref="Console"/>
        </Root>
    </Loggers>
</Configuration>