<?xml version="1.0" encoding="UTF-8" ?>
<!DOCTYPE mapper
        PUBLIC "-//mybatis.org//DTD Mapper 3.0//EN"
        "http://mybatis.org/dtd/mybatis-3-mapper.dtd">
<mapper namespace="com.example.db.mapper.UserMapper">
    <!--目的：为Dao接口方法提供SQL语句-->

    <!--映射实体对象-->
    <resultMap id="UserResultMap" type="com.example.api.UserDo">
        <id property="id" column="id"/>
        <result property="uuid" column="uuid"/>
        <result property="name" column="name"/>
        <result property="age" column="age"/>
    </resultMap>

    <insert id="insert">
        INSERT INTO t_user(id, name, age)
        VALUES (#{userDo.id}, #{userDo.name}, #{userDo.age})
    </insert>

    <select id="queryById" resultType="com.example.api.UserDo">
        SELECT *
        FROM t_user
        WHERE id = #{id}
    </select>

    <delete id="delete">
        DELETE
        FROM t_user
        WHERE id = #{id}
    </delete>

</mapper>